1	N5	ちゃいけない・じゃいけない
2	N5	だ・です
3	N5	だけ
4	N5	だろう
5	N5	で
6	N5	でも
7	N5	でしょう
8	N5	どんな
9	N5	どうして
10	N5	どうやって
11	N5	が
12	N5	があります
13	N5	がほしい
14	N5	がいます
15	N5	ほうがいい
16	N5	い-adjectives
17	N5	一番
18	N5	一緒に
19	N5	いつも
20	N5	じゃない・ではない
21	N5	か
22	N5	か〜か
23	N5	から
24	N5	方
25	N5	けど
26	N5	けれども
27	N5	まだ
28	N5	まだ〜ていません
29	N5	まで
30	N5	前に
31	N5	ませんか
32	N5	ましょう
33	N5	ましょうか
34	N5	も
35	N5	もう
36	N5	な-adjectives
37	N5	なあ
38	N5	ないで
39	N5	ないでください
40	N5	なくてもいい
41	N5	なくちゃ
42	N5	なくてはいけない
43	N5	なくてはならない
44	N5	なる
45	N5	んです
46	N5	ね
47	N5	に
48	N5	にいく
49	N5	にする
50	N5	に/へ
51	N5	の
52	N5	のです
53	N5	のが下手
54	N5	のが上手
55	N5	のが好き
56	N5	の中で[A]が一番
57	N5	ので
58	N5	を
59	N5	をください
60	N5	しかし
61	N5	すぎる
62	N5	たことがある
63	N5	たい
64	N5	たり〜たり
65	N5	てある
66	N5	ている
67	N5	てから
68	N5	てください
69	N5	てはいけない
70	N5	てもいいです
71	N5	と
72	N5	とき
73	N5	とても
74	N5	つもり
75	N5	は
76	N5	は〜より・・・です
77	N5	はどうですか
78	N5	や
79	N5	よ
80	N5	より〜ほうが
81	N5	ます・ません・ました・ませんでした
82	N5	でした・ではありませんでした
83	N5	これ・それ・あれ・どれ
84	N5	ここ・そこ・あそこ・どこ
85	N5	この・その・あの・どの
86	N5	疑問詞（何・誰・いつ・いくら・いくつ）
87	N5	ない形
88	N5	助数詞（つ・人・枚・本・個 など）
89	N5	が好き・が嫌い
90	N5	ができる
91	N5	から〜まで
92	N4	間
93	N4	間に
94	N4	あまり～ない
95	N4	後で
96	N4	ば
97	N4	場合は
98	N4	ばかり
99	N4	だけで
100	N4	出す
101	N4	でございます
102	N4	でも
103	N4	ではないか
104	N4	が必要
105	N4	がする
106	N4	がり
107	N4	がる・がっている
108	N4	ございます
109	N4	始める
110	N4	はずだ
111	N4	はずがない
112	N4	必要がある
113	N4	意向形
114	N4	いらっしゃる
115	N4	いたします
116	N4	じゃないか
117	N4	かどうか
118	N4	かしら
119	N4	かい
120	N4	かもしれない
121	N4	かな
122	N4	から作る
123	N4	きっと
124	N4	頃
125	N4	こと
126	N4	ことがある
127	N4	ことができる
128	N4	ことになる
129	N4	ことにする
130	N4	くする
131	N4	急に
132	N4	までに
133	N4	まま
134	N4	または
135	N4	みたいだ
136	N4	みたいな
137	N4	みたいに
138	N4	も
139	N4	な
140	N4	など
141	N4	ながら
142	N4	なかなか～ない
143	N4	なければいけない
144	N4	なければならない
145	N4	なら
146	N4	なさい
147	N4	なさる
148	N4	に気がつく
149	N4	にみえる
150	N4	にする
151	N4	にくい
152	N4	の中で
153	N4	のに
154	N4	のに
155	N4	のは〜だ
156	N4	お～ください
157	N4	お～になる
158	N4	おきに
159	N4	終わる
160	N4	られる
161	N4	らしい
162	N4	さ
163	N4	さっき
164	N4	させられる
165	N4	させる
166	N4	させてください
167	N4	さすが
168	N4	し
169	N4	そんなに
170	N4	それでも
171	N4	そうだ
172	N4	そうだ
173	N4	そうに・そうな
174	N4	たばかり
175	N4	たところ
176	N4	他動詞 & 自動詞
177	N4	たがる
178	N4	たら
179	N4	たらどう
180	N4	たらいいですか
181	N4	て / で
182	N4	てあげる
183	N4	てほしい
184	N4	ていく
185	N4	ていた
186	N4	ていただけませんか
187	N4	てくれる
188	N4	てくる
189	N4	てみる
190	N4	てもらう
191	N4	ておく
192	N4	てしまう / ちゃう
193	N4	てすみません
194	N4	てやる
195	N4	てよかった
196	N4	ているところ
197	N4	ても
198	N4	と
199	N4	と言ってもいい
200	N4	という
201	N4	ということ
202	N4	と言われている
203	N4	と聞いた
204	N4	と思う
205	N4	とか～とか
206	N4	ところ
207	N4	続ける
208	N4	って
209	N4	受身形
210	N4	は〜が… は
211	N4	やすい
212	N4	やっと
213	N4	より
214	N4	予定だ
215	N4	ようだ
216	N4	ように / ような
217	N4	ようになる
218	N4	ようにする
219	N4	ようと思う
220	N4	ぜひ
221	N4	全然～ない
222	N4	づらい
223	N4	あげる・くれる・もらう
224	N4	てもらえませんか・てくれませんか
225	N4	お〜する・お〜いたす
226	N4	ていただく
227	N4	てくださる
228	N4	おっしゃる・申す
229	N4	伺う・参る
230	N4	召し上がる
231	N4	ことにしている
232	N4	ようにしている
233	N4	ように言う・ように頼む
234	N4	命令形
235	N4	疑問詞＋か
236	N4	疑問詞＋も〜ない
237	N3	上げる
238	N3	あまり
239	N3	あまりにも
240	N3	合う
241	N3	ばいい
242	N3	ばよかった
243	N3	ば～ほど
244	N3	ば～のに
245	N3	ばかりで
246	N3	ばかりでなく
247	N3	べきだ
248	N3	べきではない
249	N3	別に～ない
250	N3	ぶりに
251	N3	中
252	N3	だけ
253	N3	だけでなく
254	N3	だけど
255	N3	だらけ
256	N3	どんなに～ても
257	N3	どうしても
258	N3	ふりをする
259	N3	ふと
260	N3	がち
261	N3	がたい
262	N3	気味
263	N3	ごとに
264	N3	ほど
265	N3	ほど～ない
266	N3	一度に
267	N3	いくら～ても
268	N3	一方だ
269	N3	一体
270	N3	じゃない
271	N3	か何か
272	N3	かける
273	N3	から〜にかけて
274	N3	代わりに
275	N3	結果
276	N3	結局
277	N3	決して～ない
278	N3	切れない
279	N3	きり
280	N3	切る
281	N3	っけ
282	N3	込む
283	N3	こそ
284	N3	こと
285	N3	ことから
286	N3	ことになっている
287	N3	ことはない
288	N3	ことは～が
289	N3	くらい・ぐらい
290	N3	くせに
291	N3	まるで
292	N3	まさか
293	N3	めったに～ない
294	N3	も～ば～も
295	N3	もしかしたら
296	N3	もしも〜たら
297	N3	向け
298	N3	向き
299	N3	むしろ
300	N3	ながらも
301	N3	ないことはない
302	N3	ないと
303	N3	なかなか
304	N3	なんか / なんて
305	N3	直す
306	N3	なるべく
307	N3	なぜなら
308	N3	んだって
309	N3	に違いない
310	N3	に反して
311	N3	にかけて
312	N3	に関する
313	N3	にかわって
314	N3	に比べて
315	N3	に慣れる
316	N3	において
317	N3	にしたがって
318	N3	にしても
319	N3	にしては
320	N3	に対して
321	N3	にとって
322	N3	について
323	N3	につれて
324	N3	には
325	N3	によると /によれば
326	N3	によって / による
327	N3	のでしょうか
328	N3	を中心に
329	N3	をはじめ
330	N3	を込めて
331	N3	を通じて /を通して
332	N3	おかげで
333	N3	っぱなし
334	N3	っぽい
335	N3	さえ
336	N3	さえ～ば
337	N3	際に
338	N3	最中に
339	N3	さらに
340	N3	さて
341	N3	せいで
342	N3	せいぜい
343	N3	しばらく
344	N3	しかない
345	N3	そのために
346	N3	それとも
347	N3	そうもない
348	N3	すでに
349	N3	すなわち
350	N3	数量 + は
351	N3	たものだ
352	N3	たとたん
353	N3	たびに
354	N3	ために
355	N3	確かに
356	N3	たて
357	N3	たとえ～ても
358	N3	例えば
359	N3	たって
360	N3	てばかりいる
361	N3	てごらん
362	N3	てはじめて
363	N3	てからでないと
364	N3	てしょうがない
365	N3	て済む
366	N3	てはいけないから
367	N3	ている場合じゃない
368	N3	的
369	N3	ても始まらない
370	N3	てもかまわない
371	N3	てもしょうがない
372	N3	と言えば
373	N3	といい / たらいい
374	N3	といっても
375	N3	ということだ
376	N3	というのは
377	N3	と言うと
378	N3	というより
379	N3	とみえる / とみえて
380	N3	とすれば
381	N3	と共に
382	N3	途中で
383	N3	ところで
384	N3	ところが
385	N3	とおりに
386	N3	通す
387	N3	として
388	N3	とても～ない
389	N3	とは限らない
390	N3	つい
391	N3	ついに
392	N3	ついでに
393	N3	つまり
394	N3	つもりだった
395	N3	つもりで
396	N3	うちに
397	N3	上で
398	N3	上に
399	N3	は別として
400	N3	はもちろん
401	N3	は～で有名
402	N3	わけだ
403	N3	わけではない
404	N3	わけがない
405	N3	わけにはいかない
406	N3	割に
407	N3	わざと
408	N3	わざわざ
409	N3	よりも
410	N3	ようがない
411	N3	ような気がする
412	N3	ように
413	N3	ように見える
414	N3	ようとしない
415	N3	ようとする
416	N3	ずに
417	N3	ずにはいられない
418	N3	ずつ
419	N3	させてもらう・させていただく
420	N3	ほかない
421	N3	たところ
422	N3	ないわけにはいかない
423	N3	のではないか・のではないだろうか
424	N3	とのことだ
425	N3	ないうちに
426	N2	あげく
427	N2	あるいは
428	N2	ばかり
429	N2	ばかりだ
430	N2	ばかりか
431	N2	ばかりに
432	N2	ちなみに
433	N2	ちっとも～ない
434	N2	だけあって
435	N2	だけましだ
436	N2	だけに
437	N2	だけのことはある
438	N2	だけは
439	N2	だって
440	N2	でしかない
441	N2	どころではない
442	N2	どころか
443	N2	どうやら
444	N2	どうせ
445	N2	得ない
446	N2	得る
447	N2	再び
448	N2	ふうに
449	N2	がきっかけで
450	N2	げ
451	N2	逆に
452	N2	反面
453	N2	果たして
454	N2	一応
455	N2	以外
456	N2	以上に
457	N2	以上は
458	N2	いきなり
459	N2	一気に
460	N2	一方で
461	N2	いわゆる
462	N2	いよいよ
463	N2	上
464	N2	かのように
465	N2	かと思ったら
466	N2	か～ないかのうちに
467	N2	かえって
468	N2	限り
469	N2	甲斐がある
470	N2	かねない
471	N2	かねる
472	N2	から言うと
473	N2	からこそ
474	N2	から見ると
475	N2	からには
476	N2	からして
477	N2	からすると
478	N2	からと言って
479	N2	っこない
480	N2	ことだ
481	N2	ことだから
482	N2	ことか
483	N2	ことなく
484	N2	ことに
485	N2	ことにはならない
486	N2	くせして
487	N2	まだしも
488	N2	まい
489	N2	ままに
490	N2	全く～ない
491	N2	もかまわず
492	N2	も当然だ
493	N2	もの / もん
494	N2	ものだ
495	N2	ものだから
496	N2	ものではない
497	N2	ものがある
498	N2	ものか / もんか
499	N2	ものなら
500	N2	ものの
501	N2	もっとも
502	N2	もう少しで
503	N2	ないではいられない
504	N2	ないことには～ない
505	N2	中を /中では
506	N2	なくはない
507	N2	なくて済む
508	N2	何も～ない
509	N2	なお
510	N2	ねばならない
511	N2	にあたって
512	N2	にほかならない
513	N2	に限らず
514	N2	に限る
515	N2	に限って
516	N2	に関わらず
517	N2	に関わる
518	N2	に決まっている
519	N2	に越したことはない
520	N2	に応えて
521	N2	に加えて
522	N2	に基づいて
523	N2	に向かって
524	N2	に応じて
525	N2	に際して
526	N2	に先立ち
527	N2	にせよ/ にしろ
528	N2	にしろ～にしろ
529	N2	にしたら
530	N2	にしても
531	N2	に沿って
532	N2	に相違ない
533	N2	に過ぎない
534	N2	に伴って
535	N2	につけ
536	N2	につき
537	N2	にわたって
538	N2	にも関わらず
539	N2	にて
540	N2	のももっともだ
541	N2	の下で
542	N2	の上では
543	N2	のみならず
544	N2	ぬ
545	N2	抜きにして
546	N2	抜く
547	N2	を契機に
548	N2	をめぐって
549	N2	をもとに
550	N2	を除いて
551	N2	を問わず
552	N2	お～願う
553	N2	おまけに
554	N2	恐らく
555	N2	恐れがある
556	N2	及び
557	N2	ろくに～ない
558	N2	幸いなことに
559	N2	せいか
560	N2	せっかく
561	N2	せめて
562	N2	次第
563	N2	次第で
564	N2	次第に
565	N2	しかも
566	N2	その上
567	N2	それなのに
568	N2	それなら
569	N2	それにしても
570	N2	そう言えば
571	N2	そうすると
572	N2	末に
573	N2	少しも～ない
574	N2	少なくとも
575	N2	直ちに
576	N2	たまえ
577	N2	てばかりはいられない
578	N2	てでも
579	N2	て以来
580	N2	ていては
581	N2	てこそ
582	N2	てまで
583	N2	てならない
584	N2	てたまらない
585	N2	て当然だ
586	N2	ては / では
587	N2	てはいられない
588	N2	てはならない
589	N2	ては～ては
590	N2	と同時に
591	N2	といった
592	N2	というふうに
593	N2	ということは
594	N2	というものだ
595	N2	というものではない
596	N2	と考えられる
597	N2	とか（で）
598	N2	とっくに
599	N2	ところだった
600	N2	ところに
601	N2	ところを見ると
602	N2	とも
603	N2	としても
604	N2	つつ
605	N2	つつある
606	N2	上は
607	N2	はもとより
608	N2	はともかく
609	N2	わずかに
610	N2	やがて
611	N2	やら～やら
612	N2	よほど / よっぽど
613	N2	より [2]
614	N2	よりほかない
615	N2	ようでは
616	N2	ようではないか
617	N2	ようか～まいか
618	N2	要するに
619	N2	ざるを得ない
620	N2	ずに済む
621	N2	にかけては
622	N2	ほど〜はない・くらい〜はない
623	N2	をきっかけに
624	N1	敢えて
625	N1	あくまでも
626	N1	案の定
627	N1	あらかじめ
628	N1	あっての
629	N1	ばこそ
630	N1	ばそれまでだ /たらそれまでだ
631	N1	べからず / べからざる
632	N1	べく
633	N1	べくもない
634	N1	べくして
635	N1	びる / びて / びた
636	N1	ぶり / っぷり
637	N1	ぶる / ぶって / ぶった
638	N1	だに / だにしない
639	N1	だの〜だの
640	N1	だろうに
641	N1	であれ / であろうと
642	N1	であれ〜であれ
643	N1	でもあり〜でもある
644	N1	でも何でもない /くも何ともない
645	N1	でなくてなんだろう
646	N1	ではあるまいか
647	N1	ではあるまいし
648	N1	では済まない
649	N1	どうにも〜ない
650	N1	が早いか
651	N1	が/も〜なら、〜も〜だ
652	N1	がましい
653	N1	がてら
654	N1	ごとき/ごとく/ごとし
655	N1	ぐるみ
656	N1	羽目になる
657	N1	ほどのことではない
658	N1	ほうがましだ
659	N1	放題
660	N1	いかんだ / いかんでは/ いかんによっては
661	N1	/いかんをとわず
662	N1	いかなる
663	N1	いかに
664	N1	いかにも
665	N1	いずれにしても / いずれにしろ /
666	N1	じみた
667	N1	か否か
668	N1	かと思いきや
669	N1	限りだ
670	N1	甲斐もなく
671	N1	可能性がある
672	N1	からある / からする/ からの
673	N1	かれ〜かれ
674	N1	かたがた
675	N1	かたわら
676	N1	かつて
677	N1	嫌いがある
678	N1	切りがない
679	N1	きっての
680	N1	極まる / 極まりない
681	N1	こそあれ
682	N1	こそすれ
683	N1	こそ「〜が・けれど」
684	N1	ことごとく
685	N1	ことこの上ない / この上ない / この上なく
686	N1	こともあって
687	N1	ことなしに
688	N1	ことのないように
689	N1	こととて
690	N1	くらいなら
691	N1	くらいのものだ
692	N1	までだ / までのことだ
693	N1	までもない / までもなく
694	N1	まじき
695	N1	まくる
696	N1	まみれ
697	N1	まるっきり
698	N1	めく
699	N1	も同然だ
700	N1	もさることながら
701	N1	もしないで
702	N1	もはや
703	N1	もので
704	N1	ものを
705	N1	ものと思われる /ものと見られる
706	N1	ものとする
707	N1	ものとして
708	N1	もしくは
709	N1	んばかりに
710	N1	んがために
711	N1	ながらに / ながらの
712	N1	ないまでも
713	N1	ないものでもない
714	N1	ないものか /ないものだろうか
715	N1	ないとも限らない
716	N1	なくしては
717	N1	並み
718	N1	なんという / なんと/ なんて
719	N1	何しろ
720	N1	ならでは
721	N1	ならいざしらず /はいざしらず
722	N1	なり
723	N1	なりに / なりの
724	N1	なりとも
725	N1	なり〜なり
726	N1	なしに / なしで
727	N1	に
728	N1	に値する
729	N1	にあって
730	N1	に引き換え
731	N1	に至る / に至った
732	N1	に至るまで
733	N1	に至っても
734	N1	に至っては
735	N1	に言わせれば
736	N1	に限ったことではない
737	N1	にかかっては /にかかったら / にかかると /
738	N1	にかかっている
739	N1	にかこつけて
740	N1	にかまけて
741	N1	に難くない
742	N1	にまつわる
743	N1	に則って
744	N1	に先駆けて
745	N1	に忍びない
746	N1	にしたところで /としたところで
747	N1	にして
748	N1	に即して
749	N1	に耐える / に耐えない
750	N1	に足らない/に足りない
751	N1	に足る / に足りる
752	N1	に照らして
753	N1	にとどまらず
754	N1	には無理がある
755	N1	によらず
756	N1	に〜を重ねて
757	N1	にもほどがある
758	N1	にも増して
759	N1	には当たらない
760	N1	には及ばない
761	N1	の至り
762	N1	の極み
763	N1	のなんのって
764	N1	のやら / ものやら /ことやら
765	N1	のやら〜のやら
766	N1	を踏まえて
767	N1	を経て
768	N1	を控えて
769	N1	をいいことに
770	N1	を顧みず / も顧みず
771	N1	を限りに
772	N1	を兼ねて
773	N1	を皮切りに
774	N1	を機に
775	N1	を禁じ得ない
776	N1	をものともせずに
777	N1	をもって /をもちまして
778	N1	をおいて〜ない
779	N1	を押して /を押し切って
780	N1	を境に
781	N1	を余儀なくされる
782	N1	をよそに
783	N1	を前提として
784	N1	思いをする
785	N1	折に
786	N1	およそ
787	N1	さ
788	N1	さも
789	N1	さもないと
790	N1	さぞ
791	N1	始末だ
792	N1	そばから
793	N1	そびれる
794	N1	損なう / 損ねる /損じる
795	N1	術がない
796	N1	すら / ですら
797	N1	た弾みに /た拍子に
798	N1	たことにする /たことになる
799	N1	たところで
800	N1	たつもりはない
801	N1	ただ〜のみだ
802	N1	ためしがない
803	N1	たら最後 / たが最後
804	N1	たら〜たで
805	N1	たら〜ところだ
806	N1	たりとも
807	N1	たるもの / たる
808	N1	て敵わない
809	N1	てからというもの
810	N1	てみせる
811	N1	てしかるべきだ
812	N1	て済むことではない
813	N1	てやまない
814	N1	手前
815	N1	てもどうにもならない
816	N1	ても差し支えない
817	N1	ても知らない
818	N1	と相まって
819	N1	とあれば
820	N1	とあって
821	N1	とばかりに
822	N1	といえども
823	N1	と言えなくもない
824	N1	といい〜といい
825	N1	といったらない
826	N1	という
827	N1	というか〜というか
828	N1	というもの
829	N1	というところだ /といったところだ
830	N1	というわけだ
831	N1	というわけではない
832	N1	といわず〜といわず
833	N1	ときている
834	N1	とみると
835	N1	と見るや
836	N1	となると / となれば
837	N1	とされる
838	N1	ときたら
839	N1	ところを
840	N1	ともあろうものが
841	N1	ともなく / ともなしに
842	N1	ともすれば
843	N1	とも〜とも
844	N1	とりわけ
845	N1	としたことが
846	N1	とっさに
847	N1	とて
848	N1	とは
849	N1	とはいえ
850	N1	とは比べものにならない
851	N1	とは打って変わって/ とは打って変わり
852	N1	つ〜つ
853	N1	尽くす
854	N1	ってば / ったら
855	N1	うちに入らない
856	N1	わ
857	N1	はどうであれ
858	N1	はおろか
859	N1	はさておき
860	N1	はそっちのけで /をそっちのけで
861	N1	わ〜わで
862	N1	や否や
863	N1	やしない
864	N1	やれ〜やれ
865	N1	ようが / ようと
866	N1	ようが〜ようが /ようと〜ようと
867	N1	ようものなら
868	N1	ずにはおかない・ないではおかない
869	N1	ともなると・ともなれば
870	N1	ずくめ
871	N1	ずじまい
872	N1	ようにも〜ない
873	N1	ゆえに・がゆえに
